id,label,type
abfallentsorgung,Abfallentsorgung,3
achimmeyeraufderheyde,Achim Meyer auf der Heyde,1
agoraenergiewende,Agora Energiewende,2
alexanderkenyeressy,Dr. Alexander Kenyeressy,1
alexanderkessler,Dr. Alexander Kessler,1
alfredvoss ,Prof. Dr.-Ing. Alfred Voß ,1
alfredwegenerinstitut,Alfred-Wegener-Institut,2
alfredwiedensohler,Prof. Dr. Alfred Wiedensohler ,1
almutkottwitz,Almut Kottwitz,1
alstom,Alstom,2
anderslevermann,Prof. Dr. Anders Levermann,1
andreasibel,Andreas Ibel,1
andreasklages,Andreas Klages,1
andreastheuer,Andreas Theuer,1
andreaswilhelmlukas,Andreas Wilhelm Lukas,1
andreaszuber,Dr. Andreas Zuber ,1
andreesgentzsch,Dr. Andrees Gentzsch,1
andrejholm,Dr. Andrej Holm,1
angelikathomas,Angelika Thomas,1
anketuschek,Dr. Anke Tuschek,1
annemariekeding,Anne-Marie Keding,1
anwaltskanzleigleisslutz,Anwaltskanzlei Gleiss Lutz,2
arbeitsgemeinschaftdeutscherwaldbesitzerverbaende,Arbeitsgemeinschaft Deutscher Waldbesitzerverbände,2
arbeitsgemeinschaftherdenschutzhundeev,Arbeitsgemeinschaft Herdenschutzhunde e.V.,2
aribertpeters,Dr. Aribert Peters ,1
arkhangelskarcticstateuniversity,Arkhangelsk Arctic State University,2
arminrockholz,Dr. Armin Rockholz,1
arminvetter,Dr. Armin Vetter,1
arnobunzel,Prof. Dr. Arno Bunzel ,1
artenschutz,Artenschutz,3
ascopusgmbh,ASCOPUS GmbH,2
assezweibegleitgruppe,Asse 2 Begleitgruppe,2
atomkraft,Atomkraft,3
axelgedaschko,Axel Gedaschko,1
axelwelge,Axel Welge ,1
bastianolzem,Bastian Olzem ,1
baumannrechtsanwaelte,Baumann Rechtsanwälte,2
baurechtsamtfreiburgimbreisgau,Baurechtsamt Freiburg im Breisgau,2
bayerischesstaatsministeriumfuerumweltundverbraucherschutz,Bayerisches Staatsministerium für Umwelt und Verbraucherschutz,2
bayrischesstaatsministeriumfuerumweltundgesundheit,Bayerisches Staatsministerium für Umwelt und Gesundheit,2
beatejessel,Prof. Dr. Beate Jessel,1
beatrixtappeser,Dr. Beatrix Tappeser,1
belectricsolarkraftwerkegmbh,Belectric Solarkraftwerke GmbH,2
belectrictradinggmbh,Belectric Trading GmbH,1
berlinerstadtreinigung,Berliner Stadtreinigung,2
bernhardbeck,Bernhard Beck,1
bezirksregierungarnsberg,Bezirksregierung Arnsberg,2
biodiversitaet,Biodiversität,3
biogasratev,Biogasrat e.V.,2
birgitfix,Dr. Birgit Fix,1
bjoernklusmann,Björn Klusmann,1
boschundpartnergmbh,Bosch & Partner GmbH,2
botanischergartenundbotanischesmuseumberlindahlem,Botanischer Garten und Botanisches Museum Berlin-Dahlem,2
brittahabbe,Dr. Britta Habbe,1
brotfuerdiewelt,Brot für die Welt,2
brunothomauske,Prof. Dr. Bruno Thomauske,1
buendnisbuergerenergieev,Bündnis Bürgerenergie e.V.,2
buergerinitiativekeineneuenwindraederincrussow,"Bürgerinitiative ""Keine neuen Windräder in Crussow""",2
buergerinitiativeumweltschutzluechowdannenbergev,Bürgerinitiative Umweltschutz Lüchow Dannenberg e.V.,2
buergerinitiativewindradfreiesdietramszellev,Bürgerinitiative Windradfreies Dietramszell e.V.,2
buerofueratomsicherheit,Büro für Atomsicherheit,2
bundderenergieverbraucherev,Bund der Energieverbraucher e.V.,2
bundesamtfuerkerntechnischeentsorgungssicherheit,Bundesamt für kerntechnische Entsorgungssicherheit,2
bundesamtfuernaturschutz,Bundesamt für Naturschutz,2
bundesamtfuerstrahlenschutz,Bundesamt für Strahlenschutz,2
bundesanstaltfuergeowissenschaftenundrohstoffegeozentrumhannover,Bundesanstalt für Geowissenschaften und Rohstoffe Geozentrum Hannover,2
bundesarbeitsgemeinschaftimmobilienwirtschaftdeutschland,Bundesarbeitsgemeinschaft Immobilienwirtschaft Deutschland,2
bundesgesellschaftfuerendlagerungmbh,Bundesgesellschaft für Endlagerung mbH,2
bundesministeriumfuerumweltnaturschutzundreaktorsicherheit,"Bundesministerium für Umwelt, Naturschutz und Reaktorsicherheit",2
bundesministeriumfuerwirtschaftundenergie,Bundesministerium für Wirtschaft und Energie,2
bundesnetzagentur,Bundesnetzagentur,2
bundestransferstellestadtumbau,Bundestransferstelle Stadtumbau,2
bundesverbandbioenergieev,Bundesverband BioEnergie e.V.,2
bundesverbandbuergerinitiativenumweltschutzev,Bundesverband Bürgerinitiativen Umweltschutz e.V.,2
bundesverbandderdeutschenentsorgungswasserundrohstoffwirtschaftev,Bundesverband der Deutschen Entsorgungs- Wasser- und Rohstoffwirtschaft e. V.,2
bundesverbandderdeutschenfluggesellschaftenev,Bundesverband der Deutschen Fluggesellschaften e.V.,2
bundesverbandderdeutschenindustrieev,Bundesverband der deutschen Industrie e.V.,2
bundesverbandderenergieundwasserwirtschaftev,Bundesverband der Energie- und Wasserwirtschaft e.V.,2
bundesverbanddeutscherwohnungsundimmobilienunternehmenev,Bundesverband deutscher Wohnungs- und immobilienunternehmen e.V.,2
bundesverbandemissionshandelundklimaschutz,Bundesverband Emissionshandel und Klimaschutz,2
bundesverbanderneuerbareenergienev,Bundesverband Erneuerbare Energie e.V.,2
bundesverbandfreierimmobilienundwohnungsunternehmenev,Bundesverband freier Immobilien- und Wohnungsunternehmen e.V.,2
bundesverbandfuerwohnenundstadtentwicklungev,Bundesverband für Wohnen und Stadtentwicklung e.V.,2
bundesverbandsekundaerrohstoffeundentsorgungev,Bundesverband Sekundärrohstoffe und Entsorgung e.V.,2
bundesverbandwindenergieev,Bundesverband WindEnergie e.V.,2
bundesvereinigungderkommunalenspitzenverbaende,Bundesvereinigung der kommunalen Spitzenverbände,2
bundesvereinigungderkommunalenspitzenverbaendedeutscherlandkreistag,"Bundesvereinigung der kommunalen Spitzenverbände, Deutscher Landkreistag",2
bundesvereinigungderkommunalenspitzenverbaendedeutscherstaedtetag,"Bundesvereinigung der kommunalen Spitzenverbände, Deutscher Städtetag",2
bundesvereinigungderlandesundstadtentwicklungsgesellschaftenev,Bundesvereinigung der Landes- und Stadtentwicklungsgesellschaften e.V.,2
bundfuerumweltundnaturschutzdeutschlandev,Bund für Umwelt und Naturschutz Deutschland e.V.,2
bundlaenderarbeitsgemeinschaftwasser,Bund-&Länder-Arbeitsgemeinschaft Wasser,1
bundnaturschutzbayernev,Bund Naturschutz Bayern e.V.,2
burkhardlanders,Burkhard Landers ,1
bzlkommunikationundprojektsteuerunggmbh,BZL Kommunikation und Projektsteuerung GmbH,2
carolinschilde,Dr. Carolin Schilde,1
christianasteinbruegge,Christiana Steinbrügge,1
christianbuschbaum,Dr. Christian Buschbaum,1
christianpopp,Christian Popp,1
christiantebert,Christian Tebert,1
christiantietje,Prof. Dr. Christian Tietje,1
christophbals,Christoph Bals,1
christophcoch,Dr. med. Christoph Coch ,1
christopherdoernemann,Dr. Christopher Dörnemann,1
christophhaeuser,Dr. Christoph Häuser,1
christophhahn,Christoph Hahn,1
christophpistner,Dr. Christoph Pistner,1
christophthen,Dr. Christoph Then,1
citizensnuclearinformationcenter,Citizens’ Nuclear Information Center,2
claudiakemfert,Prof. Dr. Claudia Kemfert,1
cornelialoehne,Dr. Cornelia Löhne,1
corneliaziehm,Dr. Cornelia Ziehm,1
danielathraen,Dr. Daniela Thrän ,1
danielhoelder,Daniel Hölder,1
demosgesellschaftfuerepartizipationmbh,Demos Gesellschaft für E-Partizipation mbH,2
detlefraphael,Detlef Raphael ,1
detlevstoehr,Detlev Stöhr,1
deutscheakademiedertechnikwissenschaftenacatech,Deutsche Akademie der Technikwissenschaften - acatech,2
deutscheenergieagenturgmbh,Deutsche Energie-Agentur GmbH,2
deutschegesellschaftfuerinternationalezusammenarbeit,Deutsche Gesellschaft für Internationale Zusammenarbeit,2
deutscheindustrievereinigungbiotechnologieimverbandderchemischenindustrieev,Deutsche Industrievereinigung Biotechnologie im Verband der Chemischen Industrie e.V.,2
deutschekommissionelektrotechnik,Deutsche Kommission Elektrotechnik,2
deutscheranwaltverein,Deutscher Anwaltverein,2
deutscherbauernverbandev,Deutscher Bauernverband e.V.,2
deutschercaritasverbandev,Deutscher Caritasverband e.V.,2
deutschergewerkschaftsbund,Deutscher Gewerkschaftsbund,2
deutscherindustrieundhandelskammertagev,Deutscher Industrie- und Handelskammertag e.V.,2
deutschermieterbundev,Deutscher Mieterbund e.V.,2
deutscherolympischersportbund,Deutscher Olympischer Sportbund,2
deutschesgeoforschungszentrum,Deutsches Geoforschungszentrum,2
deutschesinstitutfuerurbanistikggmbh,Deutsches Institut für Urbanistik gGmbH,2
deutschesinstitutfuerwirtschaftsordnungev,Deutsches Institut für Wirtschaftsordnung e.V. (Sachverständigenrat für Umweltfragen),2
deutschesstudentenwerkev,Deutsches Studentenwerk e.V.,2
deutscheumwelthilfeev,Deutsche Umwelthilfe e.V.,2
deutscheunternehmensinitiativeenergieeffizienzev,Deutsche Unternehmensinitiative Energieeffizienz e.V.,2
dietmarstephan,Prof. Dr. Dietmar Stephan ,1
dietmarwienholdt,MDg Dietmar Wienholdt,1
dietrichborchardt,Prof. Dr. Dietrich Borchardt ,1
dietrichjelden,Prof. Dr. Dietrich Jelden,1
dirkjansen,Dirk Jansen ,1
dirktessmer,Dirk Teßmer,1
doertesiedentopf,Dr. med. Dörte Siedentopf,1
duesseldorferinstituteforcompetitioneconomics,Düsseldorfer Institute for Competition Economics,2
eberhardholstein,Eberhard Holstein ,1
eckhardhorwedel,Eckhard Horwedel,1
ecofysgermany,Ecofys Germany,2
ecologinstitutggmbh,ECOLOG-Institut gGmbH,2
eggersmalmendierrechtsanwaelte,Eggers Malmendier Rechtsanwälte,2
eickerweber,Prof. Eicke R. Weber ,1
ellennaumann,Ellen Naumann,1
enertragag,ENERTRAG AG,2
eonag,E.ON AG,2
erklaerungvonbern,Erklärung von Bern,2
erneuerbareenergien,Erneuerbare Energien,3
fachverbandbiogasev,Fachverband Biogas e.V.,2
felixchristianmatthes,Dr. Felix Christian Matthes,1
florianballnus,Dr. Florian Ballnus,1
florianschoene,Florian Schöne,1
fluechtlinge,Flüchtlinge,3
foodwatchev,foodwatch e.V.,2
forumumweltundentwicklung,Forum Umwelt und Entwicklung,2
fracking,Fracking,3
francoismeienberg,Francois Meienberg,1
frankfellenberg,Dr. Frank Fellenberg,1
frankpeter,Frank Peter,1
frankschorkopf,Prof. Dr. Frank Schorkopf,1
franziskahess,Franziska Heß,1
franzjoseftiggers,Franz Josef Tiggers,1
fraunhoferinstitutfuersolareenergiesysteme ,Fraunhofer-Insitut für Solare Energiesysteme ,2
fraunhoferinstitutfuersystemundinnovationsforschung,Fraunhofer-Institut für System und Innovationsforschung,2
fritzholzwarth,MDg Dr. Fritz Holzwarth,1
gabrielefriderich,Gabriele Friderich,1
gassnergrothsiederercollrechtsanwaelte,"Gaßner, Groth, Siederer & Coll",1
georgaugustuniversitaetgoettingen,Georg-August-Universität Göttingen,2
georgbuchholz,Dr. Georg Buchholz,1
georgrast,Georg Rast,1
gerdkraus,Dr. Gerd Kraus,1
germanwatchev,Germanwatch e.V.,2
gesinekortweiher,Gesine Kort-Weiher,1
geulenklingerrechtsanwaelte,Geulen & Klinger Rechtsanwälte,2
gewaesser,Gewässer,3
gilesdickson,Giles Dickson,1
grazuniversityoftechnology,Graz University of Technology,2
greencrossrussland,Green Cross Russland,2
greenpeaceev,Greenpeace e.V.,2
grueneligaev,GRÜNE LIGA e.V.,2
grundgruenenergiegmbh,Grundgrün Energie GmbH,2
handelsabkommen,Handelsabkommen,3
handelsverbanddeutschlandev,Handelsverband Deutschland e.V.,2
hansgerdmarian,Hans-Gerd Marian,1
hansguentherstehr,Hans-Günter Stehr,1
hanshagedorn,Hans Hagedorn,1
hansjoachimreck,Hans-Joachim Reck,1
hanspeterhutter,Prof. Dr. Hans-Peter Hutter,1
hanspeterneitzke,Dr. H.-Peter Neitzke,1
harrylehmann,Dr. Harry Lehmann,1
hartmutgassner,Hartmut Gaßner,1
hartmutmeyer,Dr. Hartmut Meyer,1
hartmutpick,Dr. Hartmut Pick,1
hausundgrunddeutschland,Haus & Grund Deutschland,2
heidifoth,Prof. Dr. Heidi Foth,1
heikeliebmann,Prof. Dr. Heike Liebmann,1
heikewiegel,Heike Wiegel,1
heinrichbrinkmann,Heinrich Brinkmann,1
heinzsmital,Heinz Smital,1
heinzwdrotleff,Dr. Heinz-W. Drotleff,1
helmholtzzentrumfuerumweltforschung,Helmholtz-Zentrum für Umweltforschung,2
helmutlamp,Helmut Lamp ,1
herbertbarthel,Dr. Herbert Barthel,1
herbertmuders,Herbert Muders,1
hermannalbers,Hermann Albers ,1
hermannfalk,Dr. Hermann Falk,1
herwartwilms,Herwart Wilms ,1
hessischesministeriumfuerumweltklimaschutzlandwirtschaftundverbraucherschutz,"Hessisches Ministerium für Umwelt, Klimaschutz, Landwirtschaft und Verbraucherschutz",2
hideyukiban,Hideyuki Ban,1
hildegardmueller,Hildegard-Müller,1
hilmarvonlojewski,Hilmar von Lojewski,1
hochschulefuertechnikundwirtschaft,Hochschule für Technik und Wirtschaft,2
holgeralwast,Holger Alwast,1
holgerkrawinkel,Dr. Holger Krawinkel ,1
holgerthaerichen,Dr. Holger Thärichen,1
horstgeckeis,Prof. Dr. Horst Geckeis,1
hubertaaulich,Hubert A. Aulich,1
hubertusbardt,Dr. Hubertus Bardt,1
hubertweiger,Prof. Dr. Hubert Weiger,1
humboldtuniversitaetberlin,Humboldt-Universität Berlin,2
iggegengasbohrennordwalde,"IG ""Gegen Gasbohren"" Nordwalde ",2
igmetallvorstand,IG Metall Vorstand,2
ilkareinhardt,Ilka Reinhardt,1
ineszenke,Dr. Ines Zenke,1
infrastruktur,Infrastruktur,3
ingbuerofuerenergieforschung,Ing.-Büro für Energieforschung,2
ingenieurberatungdietershagen,Ingenieurberatung Dietershagen,2
ingoluge,Dr. Ingo Luge,1
institutderdeutschenwirtschaftkoelnev,Institut der deutschen Wirtschaft Köln e.V.,2
institutfuerenergieundumwelttechnik,Institut für Energie- und Umwelttechnik,2
institutfuerlebensmittelundressourcenoekonomik,Institut für Lebensmittel- und Ressourcenökonomik ,2
institutfuervoelkerrechtundeuroparecht,Institut für Völkerrecht und Europarecht,2
internationalenergyagency,International Energy Agency,2
inwisforschungundberatunggmbh,InWIS Forschung und Beratung GmbH,2
ippnwaerztezurverhuetungdesatomkriegesaerzteinsozialerverantwortung,IPPNW – Ärzte zur Verhütung des Atomkrieges / Ärzte in sozialer Verantwortung,2
jankuhnert,Jan Kuhnert,1
jeffreyhmichel,Jeffrey H. Michel,1
jennerzimmermann,Jenner Zimmermann,1
jenslattmann,Jens Lattmann,1
joachimbreckow,Prof. Dr. Joachim Breckow ,1
joachimhartlik,Dr. Joachim Hartlik ,1
joachimknebel,Dr. Joachim Knebel,1
jochenhomann,Jochen Homann,1
jochenkrause,Dr. Jochen Krause,1
joergandreaskrueger,Jörg-Andreas Krüger,1
joergmueller,Jörg Müller ,1
joergroehmann,Jörg Röhmann,1
joerngessner,Dr. Jörn Gessner,1
joernkrueger,Jörn Krüger,1
johannesremmel,Johannes Remmel,1
johannheinrichvonthueneninstitut,Johann Heinrich von Thünen-Institut,2
johnescanlon,John E. Scanlon,1
josefsettele,Dr. Josef Settele,1
joseftumbrinck,Josef Tumbrinck,1
juergenaring,Prof. Dr. Jürgen Aring ,1
juergenhacker,Jürgen Hacker,1
juergenmaier,Jürgen Maier,1
juergenresch,Jürgen Resch,1
justushaucap,Prof. Dr. Justus Haucap,1
juttakill,Jutta Kill,1
juwiholdingag,juwi Holding AG,2
kaifalk,Kai Falk,1
kaihwarnecke,Dr. Kai H. Warnecke,1
karinholmmueller,Prof. Dr. Karin Holm-Müller,1
karlheinzhaag,Dr Karlheinz Haag,1
karlheinzremmers,Karl-Heinz Remmers ,1
karlsruherinstitutfuertechnologie,Karlsruher Institut für Technologie,2
karlsruherinstitutfuertechnologieinstitutfuernukleareentsorgung,Karlsruher Institut für Technologie / Institut für Nukleare Entsorgung,2
kayruge,Dr. Kay Ruge ,1
klausbrunsmeier,Klaus Brunsmeier,1
klausdieterschumacher,Dr. Klaus-Dieter Schumacher,1
klaushebborn,Klaus Hebborn,1
klaustoepfer,Prof. Dr. Klaus Töpfer ,1
klimaschutz,Klimaschutz,3
knutbruenjes,Knut Brünjes,1
knutkucznik,Knut Kucznik,1
kommissionlagerunghochradioaktiverabfaelle,Kommission Lagerung hoch radioaktiver Abfälle,2
kommunalservicejena,Kommunalservice Jena,2
kubkommunalundwohnungswirtschaftgmbh,KUB Kommunal- und Wohnungswirtschaft GmbH,2
kurtfassbender,Prof. Dr. Kurt Faßbender ,1
laermkontorgmbh,Lärmkontor GmbH,2
laermschutz,Lärmschutz,3
lamiamessaribecker,Prof. Dr. Lamia Messari-Becker ,1
landesbankbadenwuerttemberg,Landesbank Baden-Württemberg,2
landesjaegerschaftniedersachsenev,Landesjägerschaft Niedersachsen e.V.,2
landessportbundberlinev,Landessportbund Berlin e.V.,2
leibnizinstitutfuergewaesseroekologieundbinnenfischerei,Leibniz-Institut für Gewässerökologie und Binnenfischerei,2
leibnizinstitutfuertroposphaerenforschungev,Leibniz-Institut für Troposphärenforschung e.V.,2
luftbelastung,Luftbelastung,3
lukassiebenkotten,Lukas Siebenkotten ,1
lupusinstitutfuerwolfsmonitoringundforschungindeutschland,Lupus Institut für Wolfsmonitoring und -forschung in Deutschland,2
lutherrechtsanwaltsgesellschaftmbh,Luther Rechtsanwaltsgesellschaft mbH,2
malteschmidthals,Malte Schmidthals,1
manfredrebentisch,Dr. Manfred Rebentisch,1
manfredstolle,Dr. Manfred Stolle,1
marcoliverbettzuege,Prof. Dr. Marc Oliver Bettzüge,1
marenhille,Maren Hille,1
marieleevers,Prof. Dr. Mariele Evers ,1
marionwichmannfiebig,Marion Wichmann-Fiebig ,1
marioragwitz,Dr. Mario Ragwitz,1
markusbathen,Markus Bathen,1
markuspflitsch,Markus Pflitsch,1
martinabuhtz,Dr. Martina Buhtz,1
martinafleckenstein,Martina Fleckenstein,1
martinbornholdt,Martin Bornholdt,1
martinfaulstich,Prof. Dr. Martin Faulstich,1
martinfuchs,Martin Fuchs,1
martinggrambow,Prof. Dr. Martin G. Grambow,1
martinhaag,Prof. Dr. Martin Haag,1
martinkment,Prof. Dr. Martin Kment,1
martinlutheruniversitaethallewittenberg,Martin-Luther-Universität Halle-Wittenberg,2
martinrudolfdonat,Martin Rudolf Donat ,1
martinschaeffer,Martin Schäffer,1
martinschulte,Prof. Dr. Martin Schulte,1
martinweyand,Martin Weyand,1
martinzembsch,Martin Zembsch,1
martinzurnedden,Prof. Martin zur Nedden,1
mathiasedler,Mathias Edler,1
mathiashellriegel,Mathias Hellriegel,1
matthiashahn,Matthias Hahn,1
matthiasloew,Matthias Löw,1
medizinischeuniversitaetwien,Medizinische Universität Wien,2
michaelbender,Michael Bender,1
michaelkosinowski,Dr. Michael Kosinowski ,1
michaelkuehn,Michael Kühn,1
michaelneitzel,Michael Neitzel,1
michaelniese,Dr. Michael Niese,1
michaelsailer,Michael Sailer,1
michaelzschiesche,Dr. Michael Zschiesche,1
ministeriumfuerklimaschutzumweltlandwirtschaftnaturundverbraucherschutzdeslandesnordrheinwestfalen,"Ministerium für Klimaschutz, Umwelt, Landwirtschaft, Natur- und Verbraucherschutz des Landes Nordrhein-Westfalen",2
ministeriumfuerlaendlicheentwicklungumweltundlandwirtschaftdeslandesbrandenburg,"Ministerium für Ländliche Entwicklung, Umwelt und Landwirtschaft des Landes Brandenburg",2
ministeriumfuerlandwirtschaftundumweltsachsenanhalt,Ministerium für Landwirtschaft und Umwelt Sachsen-Anhalt,2
ministeriumfuerumweltklimaundenergiewirtschaftbadenwuerttemberg,"Ministerium für Umwelt, Klima und Energiewirtschaft Baden - Württemberg",2
ministeriumfuerumweltlandwirtschafternaehrungweinbauundforstenrheinlandpfalz,"Ministerium für Umwelt, Landwirtschaft, Ernährung, Weinbau und Forsten Rheinland-Pfalz",2
mirandaschreurs,Prof. Dr. Miranda Schreurs,1
miriamvollmer,Dr. Miriam Vollmer ,1
museumfuernaturkundeberlin,Museum für Naturkunde Berlin,2
mycleschneider,Mycle Schneider,1
nadjaziebarth,Nadja Ziebarth,1
naotokan,Naoto Kan,1
naturfreundedeutschlands,NaturFreunde Deutschlands,2
naturschutzbunddeutschlandev,Naturschutzbund Deutschland e.V.,5
netzwerkderkoordinierungszentrenfuerklinischestudienev,Netzwerk der Koordinierungszentren für Klinische Studien e.V.,2
niedersaechsischesministeriumfuerumweltenergieundklimaschutz,"Niedersächsisches Ministerium für Umwelt, Energie und Klimaschutz",2
niklashoehne,Dr. Niklas Höhne,1
norbertleitgelb,Prof. Dr. Norbert Leitgelb,1
oekoinstitutev,Öko-Institut e.V.,2
oekopolgmbh,Ökopol GmbH,2
olafmoeller,Olaf Möller,1
oliverkalusch,Oliver Kalusch,1
oliverschollmeyer,Oliver Schollmeyer,1
otmarfrey,Otmar Frey,1
ottohuter,Otto Huter ,1
peterahmels,Dr. Peter Ahmels,1
peterapel,Peter Apel,1
peterfuchs,Peter Fuchs,1
peterfuhrmann,Peter Fuhrmann,1
peterhahn,Peter Hahn,1
peterhorn,Peter Horn,1
peterjuergens,Peter Jürgens,1
peterknitsch,Peter Knitsch,1
peterkurth,Peter Kurth ,1
peterrottner,Peter Rottner,1
petertobiasstoll,Prof. Dr. Peter-Tobias Stoll,1
peterweiss,Dr. Peter Weiss,1
philippgerlachtessmerrechtsanwaelte,Philipp Gerlach Tessmer Rechtsanwälte ,2
phillipewelter,Philippe Welter,1
photoneuropegmbh,PHOTON Europe GmbH,2
planungsbuerostadtkinder,Planungsbüro Stadt-Kinder,2
potsdaminstitutfuerklimaforschung,Potsdam-Institut für Klimafolgenforschung,2
powershift,PowerShift,2
premierministerjapan2010bis2011,Premierminister Japan 2010 bis 2011,2
prognosag,Prognos AG,2
projektatommuellreport,Projekt Atommüllreport,2
prowildlifeev,Pro Wildlife e.V.,2
pvcrystaloxsolargmbh,PV Crystalox Solar GmbH,1
rainerbaake,Rainer Baake,1
ralfbleicher,Dr. Ralf Bleicher,1
ralfkrupp,Dr. Ralf Krupp,1
ralphhenger,Dr. Ralph Henger,1
rechtenergisch,Recht energisch,2
rechtsanwaeltecliffordchance,Rechtsanwälte Clifford ChanceRechtsanwälte Clifford Chance,2
rechtsanwaeltephilippgerlachtessmer,Philipp Gerlach & Teßmer,2
rechtsanwaeltinbeckerbuettnerheld,Rechtsanwältin Becker Büttner Held ,2
redcertgmbh,REDcert GmbH,2
redekersellnerdahsrechtsanwaeltepartnergesellschaftmbh,Redeker Sellner Dahs Rechtsanwälte Partnergesellschaft mbB,2
regineguenther,Regine Günther,1
regionalbuendniswindvernunft,Regionalbündnis Windvernunft,2
reinhardschultz,Reinhard Schultz,1
remoklinger,Prof. Dr. Remo Klinger,1
remondisassetsundservicesgmbhundcokg,REMONDIS Assets und Services GmbH & Co. KG ,2
rheinischwestfaelischetechnischehochschuleaachen,Rheinisch-Westfälische Technische Hochschule Aachen,2
ricardogent,Dr. Ricardo Gent,1
robertjuepner,Prof. Dr. Robert Jüpner,1
rolfemmermann,Prof. Dr. Rolf Emmermann,1
rolfmartinschmitz,Dr. Rolf Martin Schmitz ,1
ruedigerengel,Prof. Dr. Rüdiger Engel,1
ruedigermatthes,Rüdiger Matthes,1
rweag,RWE AG,2
sabineschlacke,Prof. Dr. Sabine Schlacke,1
sachverstaendigenratfuerumweltfragen,Sachverständigenrat für Umweltfragen,2
saechsischesstaatsministeriumfuerumweltundlandwirtschaft,Sächsisches Staatsministerium für Umwelt und Landwirtschaft,2
sandraaltherr,Dr. Sandra Altherr,1
saschamuellerkraenner,Sascha Müller-Kraenner,1
sebastianschoenauer,Sebastian Schönauer,1
senatfuerumweltbauundverkehrderfreienhansestadtbremen,"Senat für Umwelt, Bau und Verkehr der Freien Hansestadt Bremen",2
senckenbergdeutschesentomologischesinstitutmuencheberg,Senckenberg Deutsches Entomologisches Institut Müncheberg,2
solarenergiefoerderverein,Solarenergie-Förderverein ,2
solarpraxisag,Solarpraxis AG,2
stadtfreiburgimbreisgau,Stadt Freiburg im Breisgau,2
stadthannover,Oberbürgermeister Hannover,2
stadtstuttgartreferatstaedtebauundumwelt,"Stadt Stuttgart, Referat Städtebau und Umwelt",2
stefanballa,Dr. Stefan Balla ,1
stefanferber,Stefan Ferber ,1
stefanienoethel,Stefanie Nöthel,1
steffenpingen,Steffen Pingen ,1
stephaniehurst,Dipl. Geol. Dr. Stephanie Hurst ,1
stephankohler,Stephan Kohler,1
stephanweil,Stephan Weil,1
strahlenschutzkommission,Strahlenschutzkommission,2
tanjawielgoss,Dr. Tanja Wielgoß ,1
technischehochschulemittelhessen,Technische Hochschule Mittelhessen,2
technischeuniversitaetberlin,Technische Universität Berlin ,2
tejatscharntke,Prof. Dr. Teja Tscharntke,1
tennettsogmbh,TenneT TSO GmbH ,2
testbiotechev,Testbiotech e.V.,2
thilobode,Thilo Bode,1
thomasdietershagen,Thomas Dietershagen,1
thomasebanning,Dr. Thomas E. Banning,1
thomasgriese,Dr. Thomas Griese,1
thomashaertel,Thomas Härtel,1
thomashirsch,Thomas Hirsch,1
thomasjung,Dr. Thomas Jung ,1
thomaskaiser,Thomas Kaiser,1
thomasschmitt,Prof. Dr. Thomas Schmitt,1
thorbenbecker,Thorben Becker ,1
thorstenmueller,Thorsten Müller,1
thueringerlandesanstaltfuerlandwirtschaftpflanzenproduktionundagraroekologie,Thüringer Landesanstalt für Landwirtschaft Pflanzenproduktion und Agrarökologie,2
thueringerministeriumfuerumweltenergieundnaturschutz,"Thüringer Ministerium für Umwelt, Energie und Naturschutz",2
thyssenkruppstelleuropaag,ThyssenKrupp Steel Europe AG,2
timurguel,Dr. Timur Gül,1
tinaloeffelsend,Tina Löffelsend,1
tinefuchs,Tne Fuchs,1
tobiasleidinger,Prof. Dr. Tobias Leidinger ,1
toepferinternational,Toepfer International,2
torstenmertins,Dr. Torsten Mertins ,1
tudresdenjuristischefakultaet,"TU Dresden, Juristische Fakultät",2
tukaiserslautern,TU Kaiserslautern,2
tuvnordensysgmbhundcokg ,TUEV NORD EnSys GmbH & Co. KG ,2
udodettman,Udo Dettman,1
uebereinkommenueberdeninternationalenhandelmitgefaehrdetenfreilebendentierenundpflanzen,Übereinkommen über den internationalen Handel mit gefährdeten freilebenden Tieren und Pflanzen,1
ulrichbattis,Prof. em. Dr. Dr. h.c. Ulrich Battis,1
ulrichklinkert,Ulrich Klinkert,1
ulrichkraus,Ulrich Kraus ,1
ulrichpeterwitz,Ulrich Peterwitz,1
ulrichropertz,Ulrich Ropertz,1
umweltamtduesseldorf,Umweltamt Düsseldorf ,2
umweltbundesamt,Umweltbundesamt,2
umweltrecht,Umweltrecht,3
unabhaengigesinstitutfuerumweltfragen,Unabhängiges Institut für Umweltfragen,2
universitaetaugsburg,Universität Augsburg,2
universitaetbonn,Universität Bonn,2
universitaetbremen,Universität Bremen,2
universitaetgreifswald,Universität Greifswald,2
universitaetkassel,Universität Kassel,2
universitaetleipzig,Universität Leipzig,2
universitaetsiegen,Universität Siegen,2
universitaetstuttgart,Universität Stuttgart,2
universitaetwuerzburg,Universität Würzburg,2
universitaetzukoeln,Universität zu Köln,2
ursulaheinenesser,Ursula Heinen-Esser,1
ursulaphilippgerlach,Ursula Philipp-Gerlach,1
ursulaschoenberger,Ursula Schönberger,1
uvpgesellschaftev,UVP Gesellschaft e.V.,2
uwefeige,Uwe Feige,1
uwelahl,Prof. Dr. Uwe Lahl,1
uweleprich ,Prof. Dr. Uwe Leprich ,1
vattenfalleuropaag,Vattenfall Europe AG,2
verbandkommunalerunternehmenev,Verband kommunaler Unternehmen e.V.,2
verbraucherzentralebundesverbandev,Verbraucherzentrale Bundesverband e.V.,2
verdi,ver.di,2
vladimirkuznetsov,Prof. Vladimir Kuznetsov,1
volkermilk,Volker Milk,1
waltraudmeiersienel,Waltraud Meier-Sienel,1
weeberundpartnergmbh,Weeber + Partner GmbH,2
westfaelischewilhelmsuniversitaetmuenster,Westfälische Wilhelms-Universität Münster,2
wilfriedkuehling,Prof. Dr. Wilfried Kühling,1
winfriedluecking,Winfried Lücking,1
wirtschaftsverbanderdoelunderdgasgewinnungev,Wirtschaftsverband Erdöl- und Erdgasgewinnung e.V.,2
wirtschaftsvereinigungmetalle,Wirtschafts-Vereinigung Metalle,2
wolfganghoffmann,Prof. Dr. med. Wolfgang Hoffmann,1
wolfgangrenneberg,Prof. Wolfgang Renneberg,1
wolfgangseeliger,Dr. Wolfgang Seeliger,1
wolframkoenig,Wolfram König,1
wolfvonfabeck,Wolf von Fabeck,1
worldnuclearindustrystatusreport,World Nuclear Industry Status Report 2015,2
worldrainforestmovement,World Rainforest Movement,2
wwfdeutschland,WWF Deutschland,2
zentralverbanddesdeutschenhandwerksev,Zentralverband des Deutschen Handwerks e.V.,2
zentralverbandelektrotechnikundelektroindustrieev,Zentralverband Elektrotechnik- und Elektroindustrie e.V.,2